id;name;description
1;Paolo;Description 1
2;Mario;Description 2
3;Alfonso;Description 3
4;Rosario;Description 4
5;Paolo;Description 5
6;Mario;Description 6
7;Alfonso;Description 7
8;Rosario;Description 8
9;Paolo;Description 9
10;Mario;Description 10
11;Alfonso;Description 11
12;Rosario;Description 12
13;Paolo;Description 13
14;Mario;Description 14
15;Alfonso;Description 15
16;Rosario;Description 16
17;Paolo;Description 17
18;Mario;Description 18
19;Alfonso;Description 19
20;Rosario;Description 20
21;Paolo;Description 21
22;Mario;Description 22
23;Alfonso;Description 23
24;Rosario;Description 24
25;Paolo;Description 25
26;Mario;Description 26
27;Alfonso;Description 27
28;Rosario;Description 28
29;Paolo;Description 29
30;Mario;Description 30
